DUPONT;Normandie;Description du blason de Dupont de Normandie;./images/blason1.jpg
LEROY;Provence;Description du blason de Leroy de Provence;./images/blason1.jpg
LAMBERT;Alsace;Description du blason de Lambert d'Alsace;./images/blason1.jpg
DUBOIS;Savoie;Description du blason de Dubois de Savoie;./images/blason1.jpg
BERTRAND;Lorraine;Description du blason de Bertrand de Lorraine;./images/blason1.jpg
ROUSSEAU;Berry;Description du blason de Rousseau du Berry;./images/blason1.jpg
MARTIN;Picardie;Description du blason de Martin de Picardie;./images/blason1.jpg
BAUDRY;Bourgogne;Description du blason de Baudry de Bourgogne;./images/blason1.jpg
PERRIN;Champagne;Description du blason de Perrin de Champagne;./images/blason1.jpg
GIRARD;Auvergne;Description du blason de Girard d'Auvergne;./images/blason1.jpg
